<?xml version="1.0" encoding="UTF-8" standalone="yes"?>
<eu:IdentityData xmlns:eu="http://financnasprava.sk/ekasa/udaje/schema/v2">
	<eu:Dic>1234567890</eu:Dic>
	<eu:Ico>76543210</eu:Ico>
	<eu:IcDph>SK1234567890</eu:IcDph>
	<eu:CorporateBodyFullName>Finančná správa i.n.t.</eu:CorporateBodyFullName>
	<eu:OrganizationUnit>
		<eu:OrganizationUnitName>nepovinný názov predajne</eu:OrganizationUnitName>
		<eu:PhysicalAddress>
			<eu:Country>Slovenská republika</eu:Country>
			<eu:Municipality>Štrkovec</eu:Municipality>
			<eu:StreetName>Horná</eu:StreetName>
			<eu:BuildingNumber>7</eu:BuildingNumber>
			<eu:PropertyRegistrationNumber>560</eu:PropertyRegistrationNumber>
			<eu:DeliveryAddress>
				<eu:PostalCode>98045</eu:PostalCode>
			</eu:DeliveryAddress>
		</eu:PhysicalAddress>
		<eu:CashRegisterCode>88812345678900001</eu:CashRegisterCode>
		<eu:CashRegisterType>STANDARD</eu:CashRegisterType>
	</eu:OrganizationUnit>
	<eu:PhysicalAddress>
		<eu:Country>Slovenská republika</eu:Country>
		<eu:Municipality>Štrkovec</eu:Municipality>
		<eu:StreetName>Horná</eu:StreetName>
		<eu:BuildingNumber>7</eu:BuildingNumber>
		<eu:PropertyRegistrationNumber>560</eu:PropertyRegistrationNumber>
		<eu:DeliveryAddress>
			<eu:PostalCode>98045</eu:PostalCode>
		</eu:DeliveryAddress>
	</eu:PhysicalAddress>
</eu:IdentityData>
